"DESCRIPTION","DURATION IN MS","NAME","PARENT SUITE","START TIME","STATUS","STOP TIME","SUB SUITE","SUITE","TEST CLASS","TEST METHOD"
"This test verifies that login fails when the password is missing.","282","Test Login with Missing Password","","Fri Aug 09 12:09:05 AMT 2024","passed","Fri Aug 09 12:09:05 AMT 2024","","User Authentication Suite","",""
"This test verifies the successful update of an existing user.","206","Test Update User","","Fri Aug 09 12:09:06 AMT 2024","passed","Fri Aug 09 12:09:06 AMT 2024","","User API Tests","",""
"This test verifies that the API returns a 404 status code when a user is not found.","37","Test Single User Not Found","","Fri Aug 09 12:09:06 AMT 2024","passed","Fri Aug 09 12:09:06 AMT 2024","","User API Tests","",""
"This test verifies the successful partial update of an existing user.","225","Test Partial Update User","","Fri Aug 09 12:09:06 AMT 2024","passed","Fri Aug 09 12:09:06 AMT 2024","","User API Tests","",""
"This test verifies that a single user can be retrieved successfully.","47","Test Single User Retrieval","","Fri Aug 09 12:09:06 AMT 2024","passed","Fri Aug 09 12:09:06 AMT 2024","","User API Tests","",""
"This test verifies that the registration fails when the password is missing.","396","Test Registration with Missing Password","","Fri Aug 09 12:09:04 AMT 2024","passed","Fri Aug 09 12:09:05 AMT 2024","","User Registration Suite","",""
"This test verifies the successful deletion of a user.","212","Test Delete User","","Fri Aug 09 12:09:06 AMT 2024","passed","Fri Aug 09 12:09:07 AMT 2024","","User API Tests","",""
"This test verifies that a user can successfully log in with valid credentials.","278","Test Successful Login","","Fri Aug 09 12:09:05 AMT 2024","passed","Fri Aug 09 12:09:05 AMT 2024","","User Authentication Suite","",""
"This test verifies that a new user can be created successfully.","219","Test Create User","","Fri Aug 09 12:09:06 AMT 2024","passed","Fri Aug 09 12:09:06 AMT 2024","","User API Tests","",""
"This test verifies that the user list can be retrieved successfully.","47","Test List Users","","Fri Aug 09 12:09:05 AMT 2024","passed","Fri Aug 09 12:09:06 AMT 2024","","User API Tests","",""
"This test verifies that a user can successfully register with valid credentials.","377","Test Successful Registration","","Fri Aug 09 12:09:04 AMT 2024","passed","Fri Aug 09 12:09:04 AMT 2024","","User Registration Suite","",""
"This test verifies the delayed response from the user API and checks for required fields.","3359","Test delayed response for user API","","Fri Aug 09 12:09:07 AMT 2024","passed","Fri Aug 09 12:09:10 AMT 2024","","User API Tests","",""
